Position,Locus,Gene,Synon,Ref,SNP
115646,M5005_Spy0106,rofA,NS,C,T
116162,M5005_Spy0106,rofA,NS,A,C
116163,M5005_Spy0106,rofA,NS,C,A
250832,M5005_Spy0243,,S,T,C
513254,M5005_Spy0525,,NS,G,T
528360,Intergenic,,-,A,T
563631,M5005_Spy0566,sagE,NS,G,A
613633,M5005_Spy0609,,NS,T,C
626494,M5005_Spy0623,methyltransferase,S,G,A
661707,M5005_Spy0656,trmD,NS,G,A
730823,M5005_Spy0727,recJ,NS,C,T
784467,M5005_Spy0779,,S,T,C
819098,M5005_Spy0825,murB,NS,G,A
923079,M5005_Spy0933,,NS,G,A
942633,M5005_Spy0951,pstB,NS,G,T
983438,Intergenic,,-,G,C
1082253,M5005_Spy1108,metK2,NS,C,T
1238124,M5005_Spy1282,msrA,NS,G,A
1238673,M5005_Spy1283,tlpA,NS,G,A
1251193,M5005_Spy1293,,NS,G,A
1373176,M5005_Spy1400,,NS,C,A
1407497,M5005_Spy1439,portal,NS,C,T
1446116,M5005_Spy1490,,S,C,T
1535209,Intergenic,,-,A,G
1702540,M5005_Spy1714,gldA,STOP,C,T
1734749,M5005_Spy1772,,NS,G,A
1828734,M5005_Spy1860,,NS,G,A
